<?xml version="1.0" encoding="UTF-8"?>
<project-private xmlns="http://www.netbeans.org/ns/project-private/1">
    <editor-bookmarks xmlns="http://www.netbeans.org/ns/editor-bookmarks/2" lastBookmarkId="0"/>
    <open-files xmlns="http://www.netbeans.org/ns/projectui-open-files/2">
        <group>
            <file>file:/C:/Users/beatr/OneDrive/Documentos/NetBeansProjects/FeiraTecnologica/src/modelo/tela1.java</file>
            <file>file:/C:/Users/beatr/OneDrive/Documentos/NetBeansProjects/FeiraTecnologica/src/modelo/telaElement.java</file>
            <file>file:/C:/Users/beatr/OneDrive/Documentos/NetBeansProjects/FeiraTecnologica/src/modelo/editar.java</file>
            <file>file:/C:/Users/beatr/OneDrive/Documentos/NetBeansProjects/FeiraTecnologica/src/modelo/tela.java</file>
            <file>file:/C:/Users/beatr/OneDrive/Documentos/NetBeansProjects/FeiraTecnologica/src/modelo/telaProf.java</file>
            <file>file:/C:/Users/beatr/OneDrive/Documentos/NetBeansProjects/FeiraTecnologica/src/modelo/delete.java</file>
        </group>
    </open-files>
</project-private>
